INSERT INTO `AuditLog`(`id`,`orgId`,`action`,`entityId`,`entityType`,`entityTitle`,`userId`,`userImage`,`userName`,`createdAt`,`updatedAt`) VALUES
("015b1f4b-0a53-4ecb-80df-5174254f339b","org_2bnjzOZ2lcF7Wxa1BIBQVN6PQh0","CREATE","31900402-c026-49d2-8670-4981846b9b8f","LIST","TODO - Copy","user_2bnjxHKlcO5vIMfZvkIwDEmmC3v","https://img.clerk.com/eyJ0eXBlIjoicHJveHkiLCJzcmMiOiJodHRwczovL2ltYWdlcy5jbGVyay5kZXYvb2F1dGhfZ29vZ2xlL2ltZ18yYm5qeE1JWlFheFFVY3FGRFhyUTdhQ21qZEgifQ","Smit Rajeshkumar Patel","2024-02-02 07:14:43.008","2024-02-02 07:14:43.008"),
("01c912ea-f66b-4217-b2f7-11b5e8ec576a","org_2bsXegpI7hKAlbnIOaWUAHdiwjf","UPDATE","d218d92e-49b7-4012-8e3e-a19b13261af4","CARD","Discussion of Modules, Database and Flow.","user_2bsXapR3P0TujSf84TXdInhwJhO","https://img.clerk.com/eyJ0eXBlIjoicHJveHkiLCJzcmMiOiJodHRwczovL2ltYWdlcy5jbGVyay5kZXYvb2F1dGhfZ29vZ2xlL2ltZ18yYnNYYW5CRDh3aEhlU3lQU2tjVnVhMTdhVnIifQ","Rakshitkumar Patel","2024-03-02 18:45:49.822","2024-03-02 18:45:49.822"),
("0c014449-a4fc-4e25-a7d6-2db0a3846e17","org_2bl4DX9D6lHiC9rA0NhxMgVyHIa","CREATE","4d95abde-a178-433f-a2b0-c89297d44b15","CARD","Prersentation","user_2bl44amEX8gsRJMSi9f6kYeQdK2","https://img.clerk.com/eyJ0eXBlIjoicHJveHkiLCJzcmMiOiJodHRwczovL2ltYWdlcy5jbGVyay5kZXYvb2F1dGhfZ29vZ2xlL2ltZ18yYmw0NFg2Q2IwMzJsTkZ0SFA1Q1oyaFhkaW0ifQ","Rakshit Patel","2024-02-01 18:58:31.635","2024-02-01 18:58:31.635"),
("143f7bcb-7716-4c4c-8e17-eef4de945fb3","org_2bsXegpI7hKAlbnIOaWUAHdiwjf","UPDATE","6b343722-67ad-445e-9502-48fbd39dc50f","CARD","Check the deployment of nest js application ","user_2bsXapR3P0TujSf84TXdInhwJhO","https://img.clerk.com/eyJ0eXBlIjoicHJveHkiLCJzcmMiOiJodHRwczovL2ltYWdlcy5jbGVyay5kZXYvb2F1dGhfZ29vZ2xlL2ltZ18yYnNYYW5CRDh3aEhlU3lQU2tjVnVhMTdhVnIifQ","Rakshitkumar Patel","2024-03-02 18:45:02.675","2024-03-02 18:45:02.675"),
("212d7ca6-bf31-4859-8c4e-648009a98153","org_2bl4DX9D6lHiC9rA0NhxMgVyHIa","CREATE","5147733e-96d0-485e-819b-5b67154cfc63","BOARD","test5","user_2bl44amEX8gsRJMSi9f6kYeQdK2","https://img.clerk.com/eyJ0eXBlIjoicHJveHkiLCJzcmMiOiJodHRwczovL2ltYWdlcy5jbGVyay5kZXYvb2F1dGhfZ29vZ2xlL2ltZ18yYmw0NFg2Q2IwMzJsTkZ0SFA1Q1oyaFhkaW0ifQ","Rakshit Patel","2024-02-01 09:26:26.431","2024-02-01 09:26:26.431"),
("2131c0cf-fa20-4b6d-9aa2-654fa27f5349","org_2bsXegpI7hKAlbnIOaWUAHdiwjf","CREATE","ed43b77c-26a2-4de8-a720-d97c5ba9c5a7","LIST","Striver","user_2bsXapR3P0TujSf84TXdInhwJhO","https://img.clerk.com/eyJ0eXBlIjoicHJveHkiLCJzcmMiOiJodHRwczovL2ltYWdlcy5jbGVyay5kZXYvb2F1dGhfZ29vZ2xlL2ltZ18yYnNYYW5CRDh3aEhlU3lQU2tjVnVhMTdhVnIifQ","Rakshitkumar Patel","2024-02-04 00:09:46.864","2024-02-04 00:09:46.864"),
("2979c4ff-bab1-47f2-a359-d4989c4511b2","org_2bl4DX9D6lHiC9rA0NhxMgVyHIa","UPDATE","4d95abde-a178-433f-a2b0-c89297d44b15","CARD","Prersentation","user_2bl44amEX8gsRJMSi9f6kYeQdK2","https://img.clerk.com/eyJ0eXBlIjoicHJveHkiLCJzcmMiOiJodHRwczovL2ltYWdlcy5jbGVyay5kZXYvb2F1dGhfZ29vZ2xlL2ltZ18yYmw0NFg2Q2IwMzJsTkZ0SFA1Q1oyaFhkaW0ifQ","Rakshit Patel","2024-02-01 18:59:02.971","2024-02-01 18:59:02.971"),
("2ca57c64-63f5-4fd2-b24b-d9de8732f838","org_2bl4DX9D6lHiC9rA0NhxMgVyHIa","DELETE","b46daf56-d63f-4b50-a5c1-abe65764d179","BOARD","Study","user_2bl44amEX8gsRJMSi9f6kYeQdK2","https://img.clerk.com/eyJ0eXBlIjoicHJveHkiLCJzcmMiOiJodHRwczovL2ltYWdlcy5jbGVyay5kZXYvb2F1dGhfZ29vZ2xlL2ltZ18yYmw0NFg2Q2IwMzJsTkZ0SFA1Q1oyaFhkaW0ifQ","Rakshit Patel","2024-02-01 19:00:42.603","2024-02-01 19:00:42.603"),
("31f3eb1a-16ad-4247-8989-92671070515a","org_2bsXegpI7hKAlbnIOaWUAHdiwjf","CREATE","c032aad3-a925-4e51-9149-53845f469a79","LIST","In Progress","user_2bsXapR3P0TujSf84TXdInhwJhO","https://img.clerk.com/eyJ0eXBlIjoicHJveHkiLCJzcmMiOiJodHRwczovL2ltYWdlcy5jbGVyay5kZXYvb2F1dGhfZ29vZ2xlL2ltZ18yYnNYYW5CRDh3aEhlU3lQU2tjVnVhMTdhVnIifQ","Rakshitkumar Patel","2024-03-02 18:31:52.027","2024-03-02 18:31:52.027"),
("3837baed-47c8-4e2f-867b-477cb6871e48","org_2bsXegpI7hKAlbnIOaWUAHdiwjf","CREATE","87026a1a-d411-4ed6-89ea-7b1d670ebbe5","CARD","Binary search","user_2bsXapR3P0TujSf84TXdInhwJhO","https://img.clerk.com/eyJ0eXBlIjoicHJveHkiLCJzcmMiOiJodHRwczovL2ltYWdlcy5jbGVyay5kZXYvb2F1dGhfZ29vZ2xlL2ltZ18yYnNYYW5CRDh3aEhlU3lQU2tjVnVhMTdhVnIifQ","Rakshitkumar Patel","2024-02-04 00:09:56.433","2024-02-04 00:09:56.433"),
("38cd101d-486d-4133-af89-07c5bc48fe77","org_2bsXegpI7hKAlbnIOaWUAHdiwjf","CREATE","dc2ba94c-dc0f-4a65-a23b-4d17aaab79f3","LIST","TASKS","user_2bsXapR3P0TujSf84TXdInhwJhO","https://img.clerk.com/eyJ0eXBlIjoicHJveHkiLCJzcmMiOiJodHRwczovL2ltYWdlcy5jbGVyay5kZXYvb2F1dGhfZ29vZ2xlL2ltZ18yYnNYYW5CRDh3aEhlU3lQU2tjVnVhMTdhVnIifQ","Rakshitkumar Patel","2024-03-02 18:31:27.041","2024-03-02 18:31:27.041"),
("3f57a800-c840-4f95-933a-f6e6582b9797","org_2bsXegpI7hKAlbnIOaWUAHdiwjf","CREATE","a5777c35-6be7-43de-ba1f-d6facab75569","CARD","Numpy- recap\n","user_2bsXapR3P0TujSf84TXdInhwJhO","https://img.clerk.com/eyJ0eXBlIjoicHJveHkiLCJzcmMiOiJodHRwczovL2ltYWdlcy5jbGVyay5kZXYvb2F1dGhfZ29vZ2xlL2ltZ18yYnNYYW5CRDh3aEhlU3lQU2tjVnVhMTdhVnIifQ","Rakshitkumar Patel","2024-02-04 00:05:20.373","2024-02-04 00:05:20.373"),
("4282a025-37b7-48d9-bea5-3d26478d0203","org_2bl4DX9D6lHiC9rA0NhxMgVyHIa","CREATE","150b4b8d-7475-4415-a4a5-394bd55acb13","BOARD","test3","user_2bl44amEX8gsRJMSi9f6kYeQdK2","https://img.clerk.com/eyJ0eXBlIjoicHJveHkiLCJzcmMiOiJodHRwczovL2ltYWdlcy5jbGVyay5kZXYvb2F1dGhfZ29vZ2xlL2ltZ18yYmw0NFg2Q2IwMzJsTkZ0SFA1Q1oyaFhkaW0ifQ","Rakshit Patel","2024-02-01 09:26:01.276","2024-02-01 09:26:01.276"),
("47c3f3bd-a5a4-4d2d-ac21-f86e447e77c6","org_2bsXegpI7hKAlbnIOaWUAHdiwjf","CREATE","d218d92e-49b7-4012-8e3e-a19b13261af4","CARD","Discussion of Modules, Database and Flow.","user_2bsXapR3P0TujSf84TXdInhwJhO","https://img.clerk.com/eyJ0eXBlIjoicHJveHkiLCJzcmMiOiJodHRwczovL2ltYWdlcy5jbGVyay5kZXYvb2F1dGhfZ29vZ2xlL2ltZ18yYnNYYW5CRDh3aEhlU3lQU2tjVnVhMTdhVnIifQ","Rakshitkumar Patel","2024-03-02 18:45:35.821","2024-03-02 18:45:35.821"),
("48089476-e03c-450e-a927-e021052155cb","org_2bsXegpI7hKAlbnIOaWUAHdiwjf","CREATE","74bacff9-1613-4ced-9a95-c013eb8a959d","LIST","Tuesday","user_2bsXapR3P0TujSf84TXdInhwJhO","https://img.clerk.com/eyJ0eXBlIjoicHJveHkiLCJzcmMiOiJodHRwczovL2ltYWdlcy5jbGVyay5kZXYvb2F1dGhfZ29vZ2xlL2ltZ18yYnNYYW5CRDh3aEhlU3lQU2tjVnVhMTdhVnIifQ","Rakshitkumar Patel","2024-03-05 20:48:10.628","2024-03-05 20:48:10.628"),
("56053996-91c7-49bc-a0bc-8d0bd28c28c1","org_2bnjzOZ2lcF7Wxa1BIBQVN6PQh0","CREATE","672fe476-8be1-4463-b34b-1b9091b0475c","CARD","ytgyhg","user_2bnjxHKlcO5vIMfZvkIwDEmmC3v","https://img.clerk.com/eyJ0eXBlIjoicHJveHkiLCJzcmMiOiJodHRwczovL2ltYWdlcy5jbGVyay5kZXYvb2F1dGhfZ29vZ2xlL2ltZ18yYm5qeE1JWlFheFFVY3FGRFhyUTdhQ21qZEgifQ","Smit Rajeshkumar Patel","2024-02-02 07:14:40.335","2024-02-02 07:14:40.335"),
("67d55dc5-714e-4d65-b307-7d41003fd5ba","org_2bl4DX9D6lHiC9rA0NhxMgVyHIa","CREATE","55903a93-794d-4c09-be13-1e9490fa77d1","BOARD","test4","user_2bl44amEX8gsRJMSi9f6kYeQdK2","https://img.clerk.com/eyJ0eXBlIjoicHJveHkiLCJzcmMiOiJodHRwczovL2ltYWdlcy5jbGVyay5kZXYvb2F1dGhfZ29vZ2xlL2ltZ18yYmw0NFg2Q2IwMzJsTkZ0SFA1Q1oyaFhkaW0ifQ","Rakshit Patel","2024-02-01 09:26:15.961","2024-02-01 09:26:15.961"),
("6eeb8c55-2a07-4c01-98f9-dc264558fcfe","org_2bnjzOZ2lcF7Wxa1BIBQVN6PQh0","CREATE","bdc84733-5d54-4462-acd7-f89ca17a2dfa","LIST","TODO","user_2bnjxHKlcO5vIMfZvkIwDEmmC3v","https://img.clerk.com/eyJ0eXBlIjoicHJveHkiLCJzcmMiOiJodHRwczovL2ltYWdlcy5jbGVyay5kZXYvb2F1dGhfZ29vZ2xlL2ltZ18yYm5qeE1JWlFheFFVY3FGRFhyUTdhQ21qZEgifQ","Smit Rajeshkumar Patel","2024-02-02 07:14:36.479","2024-02-02 07:14:36.479"),
("72fb5693-5c7b-4910-8b46-d6803e91d804","org_2bl4DX9D6lHiC9rA0NhxMgVyHIa","CREATE","b70aff48-87d2-4a4f-af94-1fa8534aa3ab","BOARD","test1","user_2bl44amEX8gsRJMSi9f6kYeQdK2","https://img.clerk.com/eyJ0eXBlIjoicHJveHkiLCJzcmMiOiJodHRwczovL2ltYWdlcy5jbGVyay5kZXYvb2F1dGhfZ29vZ2xlL2ltZ18yYmw0NFg2Q2IwMzJsTkZ0SFA1Q1oyaFhkaW0ifQ","Rakshit Patel","2024-02-01 09:25:25.569","2024-02-01 09:25:25.569"),
("76308fd4-a5f2-471d-894b-c54aed9aaacd","org_2bsXegpI7hKAlbnIOaWUAHdiwjf","CREATE","6b343722-67ad-445e-9502-48fbd39dc50f","CARD","Check the deployment of nest js application ","user_2bsXapR3P0TujSf84TXdInhwJhO","https://img.clerk.com/eyJ0eXBlIjoicHJveHkiLCJzcmMiOiJodHRwczovL2ltYWdlcy5jbGVyay5kZXYvb2F1dGhfZ29vZ2xlL2ltZ18yYnNYYW5CRDh3aEhlU3lQU2tjVnVhMTdhVnIifQ","Rakshitkumar Patel","2024-03-02 18:35:44.031","2024-03-02 18:35:44.031"),
("78e13c29-1224-4f50-9c69-5ca3634490de","org_2bsXegpI7hKAlbnIOaWUAHdiwjf","CREATE","0bba2f59-5b14-4ecc-8ea9-1b2a5ad8fb26","BOARD","College","user_2bsXapR3P0TujSf84TXdInhwJhO","https://img.clerk.com/eyJ0eXBlIjoicHJveHkiLCJzcmMiOiJodHRwczovL2ltYWdlcy5jbGVyay5kZXYvb2F1dGhfZ29vZ2xlL2ltZ18yYnNYYW5CRDh3aEhlU3lQU2tjVnVhMTdhVnIifQ","Rakshitkumar Patel","2024-02-04 00:01:15.512","2024-02-04 00:01:15.512"),
("85458559-7b3c-4c8a-996b-7d710ebfc709","org_2bl4DX9D6lHiC9rA0NhxMgVyHIa","DELETE","c48459f7-0c10-4b26-b911-5f50a840cdcc","BOARD","test123","user_2bl44amEX8gsRJMSi9f6kYeQdK2","https://img.clerk.com/eyJ0eXBlIjoicHJveHkiLCJzcmMiOiJodHRwczovL2ltYWdlcy5jbGVyay5kZXYvb2F1dGhfZ29vZ2xlL2ltZ18yYmw0NFg2Q2IwMzJsTkZ0SFA1Q1oyaFhkaW0ifQ","Rakshit Patel","2024-02-01 09:00:08.366","2024-02-01 09:00:08.366"),
("89bba32e-ba13-4d4b-95f0-5ada94e4ffe6","org_2bsXegpI7hKAlbnIOaWUAHdiwjf","CREATE","2c3a6f27-6ce2-4694-ab83-1ae132e57ed8","LIST","Priority Task","user_2bsXapR3P0TujSf84TXdInhwJhO","https://img.clerk.com/eyJ0eXBlIjoicHJveHkiLCJzcmMiOiJodHRwczovL2ltYWdlcy5jbGVyay5kZXYvb2F1dGhfZ29vZ2xlL2ltZ18yYnNYYW5CRDh3aEhlU3lQU2tjVnVhMTdhVnIifQ","Rakshitkumar Patel","2024-03-02 18:31:42.497","2024-03-02 18:31:42.497"),
("9360b7b8-0101-4d11-826f-ac985b5a8c54","org_2bl4DX9D6lHiC9rA0NhxMgVyHIa","CREATE","0c0098fb-d93d-49bf-923c-d1b0220376e3","BOARD","test2","user_2bl44amEX8gsRJMSi9f6kYeQdK2","https://img.clerk.com/eyJ0eXBlIjoicHJveHkiLCJzcmMiOiJodHRwczovL2ltYWdlcy5jbGVyay5kZXYvb2F1dGhfZ29vZ2xlL2ltZ18yYmw0NFg2Q2IwMzJsTkZ0SFA1Q1oyaFhkaW0ifQ","Rakshit Patel","2024-02-01 09:25:43.356","2024-02-01 09:25:43.356"),
("943ba2c1-c956-4722-bb52-4be9b76c777a","org_2bnjzOZ2lcF7Wxa1BIBQVN6PQh0","CREATE","a41331db-d021-466b-8713-e7195ef9e888","BOARD","COA","user_2bnjxHKlcO5vIMfZvkIwDEmmC3v","https://img.clerk.com/eyJ0eXBlIjoicHJveHkiLCJzcmMiOiJodHRwczovL2ltYWdlcy5jbGVyay5kZXYvb2F1dGhfZ29vZ2xlL2ltZ18yYm5qeE1JWlFheFFVY3FGRFhyUTdhQ21qZEgifQ","Smit Rajeshkumar Patel","2024-02-02 07:14:27.326","2024-02-02 07:14:27.326"),
("9556f215-f687-4e9a-ac83-f74ad09a8542","org_2bl4DX9D6lHiC9rA0NhxMgVyHIa","CREATE","ccdd3b80-8c49-46e7-8ee2-5e3f1d24d661","BOARD","tassd","user_2bl44amEX8gsRJMSi9f6kYeQdK2","https://img.clerk.com/eyJ0eXBlIjoicHJveHkiLCJzcmMiOiJodHRwczovL2ltYWdlcy5jbGVyay5kZXYvb2F1dGhfZ29vZ2xlL2ltZ18yYmw0NFg2Q2IwMzJsTkZ0SFA1Q1oyaFhkaW0ifQ","Rakshit Patel","2024-02-07 02:44:44.793","2024-02-07 02:44:44.793"),
("98726c5f-49f5-45dc-92b3-c8645d4c68e3","org_2bsXegpI7hKAlbnIOaWUAHdiwjf","CREATE","428038ef-e986-445d-ba43-1c643e6d41fe","CARD","Check File Storage (AWS and Azure)","user_2bsXapR3P0TujSf84TXdInhwJhO","https://img.clerk.com/eyJ0eXBlIjoicHJveHkiLCJzcmMiOiJodHRwczovL2ltYWdlcy5jbGVyay5kZXYvb2F1dGhfZ29vZ2xlL2ltZ18yYnNYYW5CRDh3aEhlU3lQU2tjVnVhMTdhVnIifQ","Rakshitkumar Patel","2024-03-02 18:34:22.938","2024-03-02 18:34:22.938"),
("9d0c5c92-8da8-442f-9f9d-2c1fd47e33c0","org_2bsXegpI7hKAlbnIOaWUAHdiwjf","CREATE","fa8976f3-f3fc-4b23-8025-3c1c0f954559","BOARD","DigiLocker","user_2bsXapR3P0TujSf84TXdInhwJhO","https://img.clerk.com/eyJ0eXBlIjoicHJveHkiLCJzcmMiOiJodHRwczovL2ltYWdlcy5jbGVyay5kZXYvb2F1dGhfZ29vZ2xlL2ltZ18yYnNYYW5CRDh3aEhlU3lQU2tjVnVhMTdhVnIifQ","Rakshitkumar Patel","2024-03-02 18:31:16.798","2024-03-02 18:31:16.798"),
("9f21b767-4e52-4d33-998f-c0868328a38e","org_2bl4DX9D6lHiC9rA0NhxMgVyHIa","CREATE","11fbf5aa-933c-4c1d-b1e5-5bc5c3623745","LIST","COA","user_2bl44amEX8gsRJMSi9f6kYeQdK2","https://img.clerk.com/eyJ0eXBlIjoicHJveHkiLCJzcmMiOiJodHRwczovL2ltYWdlcy5jbGVyay5kZXYvb2F1dGhfZ29vZ2xlL2ltZ18yYmw0NFg2Q2IwMzJsTkZ0SFA1Q1oyaFhkaW0ifQ","Rakshit Patel","2024-02-01 18:58:22.353","2024-02-01 18:58:22.353"),
("a2cb8465-f721-49c0-a23d-4918cad2dd50","org_2bsXegpI7hKAlbnIOaWUAHdiwjf","UPDATE","428038ef-e986-445d-ba43-1c643e6d41fe","CARD","Check File Storage (AWS and Azure)","user_2bsXapR3P0TujSf84TXdInhwJhO","https://img.clerk.com/eyJ0eXBlIjoicHJveHkiLCJzcmMiOiJodHRwczovL2ltYWdlcy5jbGVyay5kZXYvb2F1dGhfZ29vZ2xlL2ltZ18yYnNYYW5CRDh3aEhlU3lQU2tjVnVhMTdhVnIifQ","Rakshitkumar Patel","2024-03-02 18:34:54.954","2024-03-02 18:34:54.954"),
("afe8715b-81b3-4c0b-b852-8b3066672f8c","org_2bsXegpI7hKAlbnIOaWUAHdiwjf","CREATE","7c44eb32-b003-47f4-b6d8-17248e0d89e1","LIST","Completed","user_2bsXapR3P0TujSf84TXdInhwJhO","https://img.clerk.com/eyJ0eXBlIjoicHJveHkiLCJzcmMiOiJodHRwczovL2ltYWdlcy5jbGVyay5kZXYvb2F1dGhfZ29vZ2xlL2ltZ18yYnNYYW5CRDh3aEhlU3lQU2tjVnVhMTdhVnIifQ","Rakshitkumar Patel","2024-03-02 18:32:01.508","2024-03-02 18:32:01.508"),
("b4157f55-0d9d-4895-a57c-44e6838f5f16","org_2bsXegpI7hKAlbnIOaWUAHdiwjf","UPDATE","6b343722-67ad-445e-9502-48fbd39dc50f","CARD","Check the deployment of nest js application ","user_2bsXapR3P0TujSf84TXdInhwJhO","https://img.clerk.com/eyJ0eXBlIjoicHJveHkiLCJzcmMiOiJodHRwczovL2ltYWdlcy5jbGVyay5kZXYvb2F1dGhfZ29vZ2xlL2ltZ18yYnNYYW5CRDh3aEhlU3lQU2tjVnVhMTdhVnIifQ","Rakshitkumar Patel","2024-03-02 18:36:38.785","2024-03-02 18:36:38.785"),
("bb3e031c-cf55-42af-bd5c-c852a5601c56","org_2bl4DX9D6lHiC9rA0NhxMgVyHIa","CREATE","b62d8b9a-e711-48cb-949e-124038737add","LIST","List1","user_2bl44amEX8gsRJMSi9f6kYeQdK2","https://img.clerk.com/eyJ0eXBlIjoicHJveHkiLCJzcmMiOiJodHRwczovL2ltYWdlcy5jbGVyay5kZXYvb2F1dGhfZ29vZ2xlL2ltZ18yYmw0NFg2Q2IwMzJsTkZ0SFA1Q1oyaFhkaW0ifQ","Rakshit Patel","2024-02-01 08:59:23.061","2024-02-01 08:59:23.061"),
("d06c7727-21aa-4c33-84d7-b6b38c38fba2","org_2bsXegpI7hKAlbnIOaWUAHdiwjf","CREATE","f4acc76e-6db9-4d0e-b1a9-26c046fe5ece","LIST","Class","user_2bsXapR3P0TujSf84TXdInhwJhO","https://img.clerk.com/eyJ0eXBlIjoicHJveHkiLCJzcmMiOiJodHRwczovL2ltYWdlcy5jbGVyay5kZXYvb2F1dGhfZ29vZ2xlL2ltZ18yYnNYYW5CRDh3aEhlU3lQU2tjVnVhMTdhVnIifQ","Rakshitkumar Patel","2024-02-04 00:04:16.051","2024-02-04 00:04:16.051"),
("d2600639-2685-46fb-b836-4ad53f077e69","org_2bsXegpI7hKAlbnIOaWUAHdiwjf","CREATE","446cea17-e156-4589-afa8-0dabbe9c78f8","CARD","YONG KIM Grading","user_2bsXapR3P0TujSf84TXdInhwJhO","https://img.clerk.com/eyJ0eXBlIjoicHJveHkiLCJzcmMiOiJodHRwczovL2ltYWdlcy5jbGVyay5kZXYvb2F1dGhfZ29vZ2xlL2ltZ18yYnNYYW5CRDh3aEhlU3lQU2tjVnVhMTdhVnIifQ","Rakshitkumar Patel","2024-03-05 20:48:21.263","2024-03-05 20:48:21.263"),
("da8a245c-c3ef-4141-b1ce-fb8b6c4beeb0","org_2bsXegpI7hKAlbnIOaWUAHdiwjf","CREATE","dd3d3946-78fa-4534-ae50-eeb643c943dd","CARD","COA + GRP c + paper + deep","user_2bsXapR3P0TujSf84TXdInhwJhO","https://img.clerk.com/eyJ0eXBlIjoicHJveHkiLCJzcmMiOiJodHRwczovL2ltYWdlcy5jbGVyay5kZXYvb2F1dGhfZ29vZ2xlL2ltZ18yYnNYYW5CRDh3aEhlU3lQU2tjVnVhMTdhVnIifQ","Rakshitkumar Patel","2024-02-04 00:07:53.880","2024-02-04 00:07:53.880"),
("e30e5b19-73a4-4c26-9265-18355a49e1ea","org_2bl4DX9D6lHiC9rA0NhxMgVyHIa","CREATE","b46daf56-d63f-4b50-a5c1-abe65764d179","BOARD","Study","user_2bl44amEX8gsRJMSi9f6kYeQdK2","https://img.clerk.com/eyJ0eXBlIjoicHJveHkiLCJzcmMiOiJodHRwczovL2ltYWdlcy5jbGVyay5kZXYvb2F1dGhfZ29vZ2xlL2ltZ18yYmw0NFg2Q2IwMzJsTkZ0SFA1Q1oyaFhkaW0ifQ","Rakshit Patel","2024-02-01 18:58:14.575","2024-02-01 18:58:14.575"),
("eb065cab-e003-4df6-a37e-bddc0132b8a9","org_2bsXegpI7hKAlbnIOaWUAHdiwjf","UPDATE","0bba2f59-5b14-4ecc-8ea9-1b2a5ad8fb26","BOARD","Study","user_2bsXapR3P0TujSf84TXdInhwJhO","https://img.clerk.com/eyJ0eXBlIjoicHJveHkiLCJzcmMiOiJodHRwczovL2ltYWdlcy5jbGVyay5kZXYvb2F1dGhfZ29vZ2xlL2ltZ18yYnNYYW5CRDh3aEhlU3lQU2tjVnVhMTdhVnIifQ","Rakshitkumar Patel","2024-02-04 00:04:35.029","2024-02-04 00:04:35.029"),
("fc964ecf-c83c-45e3-a94e-022655b7101c","org_2bsXegpI7hKAlbnIOaWUAHdiwjf","CREATE","462d0a58-1085-40c0-9f22-915ce413f1e2","CARD","Math- linear algebra probability\n","user_2bsXapR3P0TujSf84TXdInhwJhO","https://img.clerk.com/eyJ0eXBlIjoicHJveHkiLCJzcmMiOiJodHRwczovL2ltYWdlcy5jbGVyay5kZXYvb2F1dGhfZ29vZ2xlL2ltZ18yYnNYYW5CRDh3aEhlU3lQU2tjVnVhMTdhVnIifQ","Rakshitkumar Patel","2024-02-04 00:06:46.273","2024-02-04 00:06:46.273"),
("fcff3f3f-2ac4-4fbe-b2db-424938c2d98a","org_2bnjzOZ2lcF7Wxa1BIBQVN6PQh0","CREATE","ba345153-f8fa-46a5-99fe-52068cc77e9d","CARD","ytgyhg - Copy","user_2bnjxHKlcO5vIMfZvkIwDEmmC3v","https://img.clerk.com/eyJ0eXBlIjoicHJveHkiLCJzcmMiOiJodHRwczovL2ltYWdlcy5jbGVyay5kZXYvb2F1dGhfZ29vZ2xlL2ltZ18yYm5qeE1JWlFheFFVY3FGRFhyUTdhQ21qZEgifQ","Smit Rajeshkumar Patel","2024-02-02 07:14:49.866","2024-02-02 07:14:49.866"),
("ff2a10e8-5d8f-45d7-a1c3-64dd2c73c682","org_2bl4DX9D6lHiC9rA0NhxMgVyHIa","CREATE","c48459f7-0c10-4b26-b911-5f50a840cdcc","BOARD","test123","user_2bl44amEX8gsRJMSi9f6kYeQdK2","https://img.clerk.com/eyJ0eXBlIjoicHJveHkiLCJzcmMiOiJodHRwczovL2ltYWdlcy5jbGVyay5kZXYvb2F1dGhfZ29vZ2xlL2ltZ18yYmw0NFg2Q2IwMzJsTkZ0SFA1Q1oyaFhkaW0ifQ","Rakshit Patel","2024-02-01 08:59:01.175","2024-02-01 08:59:01.175");
INSERT INTO `Board`(`id`,`orgId`,`title`,`imageId`,`imageThumbUrl`,`imageFullUrl`,`imageUserName`,`imageLinkHTML`,`createdAt`,`updatedAt`) VALUES
("0bba2f59-5b14-4ecc-8ea9-1b2a5ad8fb26","org_2bsXegpI7hKAlbnIOaWUAHdiwjf","Study","GGDuawxHUwo","https://images.unsplash.com/photo-1629221892514-7abb71a803f7?crop=entropy&cs=tinysrgb&fit=max&fm=jpg&ixid=M3w1MjY4NzN8MHwxfHJhbmRvbXx8fHx8fHx8fDE2OTk2OTcyNDN8&ixlib=rb-4.0.3&q=80&w=200","https://images.unsplash.com/photo-1629221892514-7abb71a803f7?crop=entropy&cs=srgb&fm=jpg&ixid=M3w1MjY4NzN8MHwxfHJhbmRvbXx8fHx8fHx8fDE2OTk2OTcyNDN8&ixlib=rb-4.0.3&q=85","Gantas Vaičiulėnas","https://unsplash.com/photos/snow-covered-mountains-during-daytime-GGDuawxHUwo","2024-02-04 00:01:15.220","2024-02-04 00:04:34.896"),
("0c0098fb-d93d-49bf-923c-d1b0220376e3","org_2bl4DX9D6lHiC9rA0NhxMgVyHIa","test2","UYgrVfIhBec","https://images.unsplash.com/photo-1617791160505-6f00504e3519?crop=entropy&cs=tinysrgb&fit=max&fm=jpg&ixid=M3w1MjY4NzN8MHwxfHJhbmRvbXx8fHx8fHx8fDE2OTk2OTcyNDN8&ixlib=rb-4.0.3&q=80&w=200","https://images.unsplash.com/photo-1617791160505-6f00504e3519?crop=entropy&cs=srgb&fm=jpg&ixid=M3w1MjY4NzN8MHwxfHJhbmRvbXx8fHx8fHx8fDE2OTk2OTcyNDN8&ixlib=rb-4.0.3&q=85","Milad Fakurian","https://unsplash.com/photos/pink-green-and-blue-abstract-painting-UYgrVfIhBec","2024-02-01 09:25:41.337","2024-02-01 09:25:41.337"),
("150b4b8d-7475-4415-a4a5-394bd55acb13","org_2bl4DX9D6lHiC9rA0NhxMgVyHIa","test3","UYgrVfIhBec","https://images.unsplash.com/photo-1617791160505-6f00504e3519?crop=entropy&cs=tinysrgb&fit=max&fm=jpg&ixid=M3w1MjY4NzN8MHwxfHJhbmRvbXx8fHx8fHx8fDE2OTk2OTcyNDN8&ixlib=rb-4.0.3&q=80&w=200","https://images.unsplash.com/photo-1617791160505-6f00504e3519?crop=entropy&cs=srgb&fm=jpg&ixid=M3w1MjY4NzN8MHwxfHJhbmRvbXx8fHx8fHx8fDE2OTk2OTcyNDN8&ixlib=rb-4.0.3&q=85","Milad Fakurian","https://unsplash.com/photos/pink-green-and-blue-abstract-painting-UYgrVfIhBec","2024-02-01 09:26:00.090","2024-02-01 09:26:00.090"),
("5147733e-96d0-485e-819b-5b67154cfc63","org_2bl4DX9D6lHiC9rA0NhxMgVyHIa","test5","UjcM2ak00KQ","https://images.unsplash.com/photo-1555769571-2ca68b9197cb?crop=entropy&cs=tinysrgb&fit=max&fm=jpg&ixid=M3w1MjY4NzN8MHwxfHJhbmRvbXx8fHx8fHx8fDE2OTk2OTcyNDN8&ixlib=rb-4.0.3&q=80&w=200","https://images.unsplash.com/photo-1555769571-2ca68b9197cb?crop=entropy&cs=srgb&fm=jpg&ixid=M3w1MjY4NzN8MHwxfHJhbmRvbXx8fHx8fHx8fDE2OTk2OTcyNDN8&ixlib=rb-4.0.3&q=85","Daniel Morris","https://unsplash.com/photos/rocks-by-the-sea-UjcM2ak00KQ","2024-02-01 09:26:25.245","2024-02-01 09:26:25.245"),
("55903a93-794d-4c09-be13-1e9490fa77d1","org_2bl4DX9D6lHiC9rA0NhxMgVyHIa","test4","qmM6L-4f0eE","https://images.unsplash.com/photo-1478612068036-1eff8080e24b?crop=entropy&cs=tinysrgb&fit=max&fm=jpg&ixid=M3w1MjY4NzN8MHwxfHJhbmRvbXx8fHx8fHx8fDE2OTk2OTcyNDN8&ixlib=rb-4.0.3&q=80&w=200","https://images.unsplash.com/photo-1478612068036-1eff8080e24b?crop=entropy&cs=srgb&fm=jpg&ixid=M3w1MjY4NzN8MHwxfHJhbmRvbXx8fHx8fHx8fDE2OTk2OTcyNDN8&ixlib=rb-4.0.3&q=85","Scott Webb","https://unsplash.com/photos/green-leafed-plant-qmM6L-4f0eE","2024-02-01 09:26:14.786","2024-02-01 09:26:14.786"),
("a41331db-d021-466b-8713-e7195ef9e888","org_2bnjzOZ2lcF7Wxa1BIBQVN6PQh0","COA","C5mrwhFTEvY","https://images.unsplash.com/photo-1500384066616-8a8d547abfc9?crop=entropy&cs=tinysrgb&fit=max&fm=jpg&ixid=M3w1MjY4NzN8MHwxfHJhbmRvbXx8fHx8fHx8fDE2OTk2OTcyNDN8&ixlib=rb-4.0.3&q=80&w=200","https://images.unsplash.com/photo-1500384066616-8a8d547abfc9?crop=entropy&cs=srgb&fm=jpg&ixid=M3w1MjY4NzN8MHwxfHJhbmRvbXx8fHx8fHx8fDE2OTk2OTcyNDN8&ixlib=rb-4.0.3&q=85","Florian Biedermann","https://unsplash.com/photos/black-bird-on-person-left-hand-C5mrwhFTEvY","2024-02-02 07:14:27.091","2024-02-02 07:14:27.091"),
("b70aff48-87d2-4a4f-af94-1fa8534aa3ab","org_2bl4DX9D6lHiC9rA0NhxMgVyHIa","test1","GGDuawxHUwo","https://images.unsplash.com/photo-1629221892514-7abb71a803f7?crop=entropy&cs=tinysrgb&fit=max&fm=jpg&ixid=M3w1MjY4NzN8MHwxfHJhbmRvbXx8fHx8fHx8fDE2OTk2OTcyNDN8&ixlib=rb-4.0.3&q=80&w=200","https://images.unsplash.com/photo-1629221892514-7abb71a803f7?crop=entropy&cs=srgb&fm=jpg&ixid=M3w1MjY4NzN8MHwxfHJhbmRvbXx8fHx8fHx8fDE2OTk2OTcyNDN8&ixlib=rb-4.0.3&q=85","Gantas Vaičiulėnas","https://unsplash.com/photos/snow-covered-mountains-during-daytime-GGDuawxHUwo","2024-02-01 09:25:22.750","2024-02-01 09:25:22.750"),
("ccdd3b80-8c49-46e7-8ee2-5e3f1d24d661","org_2bl4DX9D6lHiC9rA0NhxMgVyHIa","tassd","UYgrVfIhBec","https://images.unsplash.com/photo-1617791160505-6f00504e3519?crop=entropy&cs=tinysrgb&fit=max&fm=jpg&ixid=M3w1MjY4NzN8MHwxfHJhbmRvbXx8fHx8fHx8fDE2OTk2OTcyNDN8&ixlib=rb-4.0.3&q=80&w=200","https://images.unsplash.com/photo-1617791160505-6f00504e3519?crop=entropy&cs=srgb&fm=jpg&ixid=M3w1MjY4NzN8MHwxfHJhbmRvbXx8fHx8fHx8fDE2OTk2OTcyNDN8&ixlib=rb-4.0.3&q=85","Milad Fakurian","https://unsplash.com/photos/pink-green-and-blue-abstract-painting-UYgrVfIhBec","2024-02-07 02:44:44.610","2024-02-07 02:44:44.610"),
("fa8976f3-f3fc-4b23-8025-3c1c0f954559","org_2bsXegpI7hKAlbnIOaWUAHdiwjf","DigiLocker","UjcM2ak00KQ","https://images.unsplash.com/photo-1555769571-2ca68b9197cb?crop=entropy&cs=tinysrgb&fit=max&fm=jpg&ixid=M3w1MjY4NzN8MHwxfHJhbmRvbXx8fHx8fHx8fDE2OTk2OTcyNDN8&ixlib=rb-4.0.3&q=80&w=200","https://images.unsplash.com/photo-1555769571-2ca68b9197cb?crop=entropy&cs=srgb&fm=jpg&ixid=M3w1MjY4NzN8MHwxfHJhbmRvbXx8fHx8fHx8fDE2OTk2OTcyNDN8&ixlib=rb-4.0.3&q=85","Daniel Morris","https://unsplash.com/photos/rocks-by-the-sea-UjcM2ak00KQ","2024-03-02 18:31:16.462","2024-03-02 18:31:16.462");
INSERT INTO `Card`(`id`,`title`,`order`,`description`,`listId`,`createdAt`,`updatedAt`) VALUES
("428038ef-e986-445d-ba43-1c643e6d41fe","Check File Storage (AWS and Azure)",0,"Assigned To: Rakshit Patel","c032aad3-a925-4e51-9149-53845f469a79","2024-03-02 18:34:22.809","2024-03-02 18:35:04.099"),
("446cea17-e156-4589-afa8-0dabbe9c78f8","YONG KIM Grading",1,NULL,"74bacff9-1613-4ced-9a95-c013eb8a959d","2024-03-05 20:48:21.130","2024-03-05 20:48:21.130"),
("462d0a58-1085-40c0-9f22-915ce413f1e2","Math- linear algebra probability\n",2,NULL,"f4acc76e-6db9-4d0e-b1a9-26c046fe5ece","2024-02-04 00:06:46.110","2024-02-04 00:06:46.110"),
("672fe476-8be1-4463-b34b-1b9091b0475c","ytgyhg",1,NULL,"bdc84733-5d54-4462-acd7-f89ca17a2dfa","2024-02-02 07:14:40.228","2024-02-02 07:14:40.228"),
("6b343722-67ad-445e-9502-48fbd39dc50f","Check the deployment of nest js application ",1,"Assigned to: Rakshit Patel\n\n\nNotes: I will try to see multiple platforms and select a free one.","c032aad3-a925-4e51-9149-53845f469a79","2024-03-02 18:35:43.837","2024-03-02 18:45:02.471"),
("87026a1a-d411-4ed6-89ea-7b1d670ebbe5","Binary search",1,NULL,"ed43b77c-26a2-4de8-a720-d97c5ba9c5a7","2024-02-04 00:09:56.317","2024-02-04 00:09:56.317"),
("a5777c35-6be7-43de-ba1f-d6facab75569","Numpy- recap\n",1,NULL,"f4acc76e-6db9-4d0e-b1a9-26c046fe5ece","2024-02-04 00:05:20.236","2024-02-04 00:05:20.236"),
("ba345153-f8fa-46a5-99fe-52068cc77e9d","ytgyhg - Copy",2,NULL,"bdc84733-5d54-4462-acd7-f89ca17a2dfa","2024-02-02 07:14:49.757","2024-02-02 07:14:49.757"),
("d218d92e-49b7-4012-8e3e-a19b13261af4","Discussion of Modules, Database and Flow.",1,"@sandip and @rakshit","2c3a6f27-6ce2-4694-ab83-1ae132e57ed8","2024-03-02 18:45:35.703","2024-03-02 18:45:49.705"),
("dd3d3946-78fa-4534-ae50-eeb643c943dd","COA + GRP c + paper + deep",3,NULL,"f4acc76e-6db9-4d0e-b1a9-26c046fe5ece","2024-02-04 00:07:53.762","2024-02-04 00:07:53.762"),
("e7207b5b-aeb4-4c40-9277-bd93c879672a","ytgyhg",1,NULL,"31900402-c026-49d2-8670-4981846b9b8f","2024-02-02 07:14:42.895","2024-02-02 07:14:42.895");
INSERT INTO `List`(`id`,`title`,`order`,`boardId`,`createdAt`,`updatedAt`) VALUES
("2c3a6f27-6ce2-4694-ab83-1ae132e57ed8","Priority Task",2,"fa8976f3-f3fc-4b23-8025-3c1c0f954559","2024-03-02 18:31:42.364","2024-03-02 18:31:42.364"),
("31900402-c026-49d2-8670-4981846b9b8f","TODO - Copy",2,"a41331db-d021-466b-8713-e7195ef9e888","2024-02-02 07:14:42.895","2024-02-02 07:14:42.895"),
("74bacff9-1613-4ced-9a95-c013eb8a959d","Tuesday",3,"0bba2f59-5b14-4ecc-8ea9-1b2a5ad8fb26","2024-03-05 20:48:10.402","2024-03-05 20:48:10.402"),
("7c44eb32-b003-47f4-b6d8-17248e0d89e1","Completed",4,"fa8976f3-f3fc-4b23-8025-3c1c0f954559","2024-03-02 18:32:01.388","2024-03-02 18:32:01.388"),
("bdc84733-5d54-4462-acd7-f89ca17a2dfa","TODO",1,"a41331db-d021-466b-8713-e7195ef9e888","2024-02-02 07:14:36.352","2024-02-02 07:14:36.352"),
("c032aad3-a925-4e51-9149-53845f469a79","In Progress",3,"fa8976f3-f3fc-4b23-8025-3c1c0f954559","2024-03-02 18:31:51.911","2024-03-02 18:31:51.911"),
("dc2ba94c-dc0f-4a65-a23b-4d17aaab79f3","TASKS",1,"fa8976f3-f3fc-4b23-8025-3c1c0f954559","2024-03-02 18:31:26.921","2024-03-02 18:31:26.921"),
("ed43b77c-26a2-4de8-a720-d97c5ba9c5a7","Striver",2,"0bba2f59-5b14-4ecc-8ea9-1b2a5ad8fb26","2024-02-04 00:09:46.733","2024-02-04 00:09:46.733"),
("f4acc76e-6db9-4d0e-b1a9-26c046fe5ece","Class",1,"0bba2f59-5b14-4ecc-8ea9-1b2a5ad8fb26","2024-02-04 00:04:15.916","2024-02-04 00:04:15.916");
INSERT INTO `OrgLimit`(`id`,`orgId`,`count`,`createdAt`,`updatedAt`) VALUES
("48ed8fc2-54b0-4d2d-ac5a-22d865d084ca","org_2bnjzOZ2lcF7Wxa1BIBQVN6PQh0",1,"2024-02-02 07:14:27.116","2024-02-02 07:14:27.116"),
("51b8acff-ccce-4065-82f0-449591136a06","org_2bl4DX9D6lHiC9rA0NhxMgVyHIa",5,"2024-02-01 08:58:57.576","2024-02-01 09:26:25.745"),
("9c073777-11e5-485a-88b1-981a472112c7","org_2bsXegpI7hKAlbnIOaWUAHdiwjf",2,"2024-02-04 00:01:15.251","2024-03-02 18:31:16.503");
INSERT INTO `OrgSubscription`(`id`,`orgId`,`stripe_customer_id`,`stripe_subscription_id`,`stripe_price_id`,`stripe_current_period_end`) VALUES
("47f69ba3-72dd-479c-8ca5-3b785a408687","org_2bl4DX9D6lHiC9rA0NhxMgVyHIa","cus_PTv8ClPXyqVar9","sub_1OexIfBh8R4vCO002hsKEPj2","price_1OexHUBh8R4vCO00O5N8x1Gh","2024-03-01 10:15:17.000");
